token,url
ig_mid,instagram.com
ig_mid,google.com
ig_did,instagram.com
ig_did,google.com
utm_campaign,doubleclick.net
utm_campaign,supersalesmachine.com
response.session,taboola.com
response.session,theinsurancebulletin.com
response.session,etoro.com
userId,soalonie.com
oaid,soalonie.com
rb,soalonie.com
bs,soalonie.com
state,google.com
state,pmi.org
state,projectmanagement.com
_ym_uid,adfox.ru
duid,adfox.ru
muid,mgid.com
muid,brainberries.co
rid,mgid.com
rid,brainberries.co
muid,herbeauty.co
pcid,mgid.com
pcid,herbeauty.co
rid,herbeauty.co
__utma,progressivecommercial.com
_utma,progressivecommercial.com
partneruserid,taboola.com
partneruserid,gosearches.net
xuid,taboola.com
xuid,gosearches.net
ui,taboola.com
ui,gosearches.net
ev,taboola.com
ev,gosearches.net
val,taboola.com
val,gosearches.net
uid,taboola.com
uid,gosearches.net
puid,taboola.com
puid,gosearches.net
3pid,taboola.com
3pid,gosearches.net
partneruserid,kneerelieve.com
partneruserid,amrelieve.com
ui,kneerelieve.com
ui,amrelieve.com
uifp,taboola.com
uifp,kneerelieve.com
uifp,amrelieve.com
ev,kneerelieve.com
ev,amrelieve.com
xuid,kneerelieve.com
xuid,amrelieve.com
val,kneerelieve.com
val,amrelieve.com
uid,kneerelieve.com
uid,amrelieve.com
puid,kneerelieve.com
puid,amrelieve.com
3pid,kneerelieve.com
3pid,amrelieve.com
uifp,gosearches.net
u,taboola.com
u,gosearches.net
id,taboola.com
id,gosearches.net
external_user_id,taboola.com
external_user_id,gosearches.net
fp,taboola.com
fp,gosearches.net
pcid,taboola.com
pcid,gosearches.net
I0v,taboola.com
I0v,gosearches.net
put,taboola.com
put,gosearches.net
src.visitorId,taboola.com
src.visitorId,gosearches.net
giaudi_id,taboola.com
giaudi_id,gosearches.net
taboola_hm,taboola.com
taboola_hm,gosearches.net
cid,taboola.com
cid,gosearches.net
partner_uid,taboola.com
partner_uid,gosearches.net
taboola_id,taboola.com
taboola_id,gosearches.net
bidder_uuid,taboola.com
bidder_uuid,gosearches.net
_ym_uid,mos.ru
duid,mos.ru
u,askmediagroup.com
ga_vid,askmediagroup.com
cd10,askmediagroup.com
cid,askmediagroup.com
cd1,askmediagroup.com
_fsefo_user_id,fastly-partners.com
_fsi,fastly-partners.com
i,fastly-partners.com
__utma,newspaperdirect.com
__utma,irishtimes.com
clientContext,amazon.com
ubid-main,amazon.com
puid,smarter.com
uid,smarter.com
3pid,smarter.com
uifp,smarter.com
val,smarter.com
xuid,smarter.com
partneruserid,smarter.com
ui,smarter.com
ev,smarter.com
taboola_click_id,taboola.com
taboola_click_id,smarter.com
puid,forgeofempires.com
uid,forgeofempires.com
3pid,forgeofempires.com
uifp,forgeofempires.com
val,forgeofempires.com
xuid,forgeofempires.com
partneruserid,forgeofempires.com
ui,forgeofempires.com
ev,forgeofempires.com
_utma,campaignmonitor.com
__utma,campaignmonitor.com
uuid,yandex.ru
uuid,kinopoisk.ru
shrsl_analytics_sstid,shareasale.com
shrsl_analytics_sstid,shareasale-analytics.com
shrsl_analytics_sstid,sheetsgiggles.com
sscid,shareasale.com
sscid,shareasale-analytics.com
sscid,sheetsgiggles.com
shrsl_analytics_sscid,shareasale.com
shrsl_analytics_sscid,shareasale-analytics.com
shrsl_analytics_sscid,sheetsgiggles.com
sscid,laylasleep.com
shrsl_analytics_sstid,laylasleep.com
shrsl_analytics_sscid,laylasleep.com
sessionId,couponfollow.com
sessionId,nextgenshopping.com
sessionId,anrdoezrs.net
sessionId,dotomi.com
sessionId,emjcd.com
sessionId,app.link
sessionId,nastygal.com
uid,couponfollow.com
uid,nextgenshopping.com
uid,anrdoezrs.net
uid,dotomi.com
uid,emjcd.com
uid,app.link
uid,nastygal.com
partnerTag3,couponfollow.com
partnerTag3,nextgenshopping.com
partnerTag3,anrdoezrs.net
partnerTag3,dotomi.com
partnerTag3,emjcd.com
partnerTag3,app.link
partnerTag3,nastygal.com
click_id,couponfollow.com
click_id,nextgenshopping.com
click_id,anrdoezrs.net
click_id,dotomi.com
click_id,emjcd.com
click_id,app.link
click_id,nastygal.com
~click_id,couponfollow.com
~click_id,nextgenshopping.com
~click_id,anrdoezrs.net
~click_id,dotomi.com
~click_id,emjcd.com
~click_id,app.link
~click_id,nastygal.com
cjevent,couponfollow.com
cjevent,nextgenshopping.com
cjevent,anrdoezrs.net
cjevent,dotomi.com
cjevent,emjcd.com
cjevent,app.link
cjevent,nastygal.com
__hstc,frontapp.com
__hstc,front.com
u,frontapp.com
u,front.com
b,frontapp.com
b,front.com
__hssc,frontapp.com
__hssc,front.com
xai,doubleclick.net
xai,tdameritrade.com
sig,doubleclick.net
sig,tdameritrade.com
sai,doubleclick.net
sai,tdameritrade.com
https://ad.doubleclick.net/ddm/trackclk/N3941.966088.INVESTINGMEDIASOLUT/B26958620.323518277;dc_trk_aid,doubleclick.net
https://ad.doubleclick.net/ddm/trackclk/N3941.966088.INVESTINGMEDIASOLUT/B26958620.323518277;dc_trk_aid,tdameritrade.com
;dc_rdid,doubleclick.net
;dc_rdid,tdameritrade.com
516227890;dc_trk_cid,doubleclick.net
516227890;dc_trk_cid,tdameritrade.com
;tag_for_child_directed_treatment,doubleclick.net
;tag_for_child_directed_treatment,tdameritrade.com
67442974;dc_lat,doubleclick.net
67442974;dc_lat,tdameritrade.com
pcode-active-testids,yandex.ru
pcode-active-testids,etvnet.com
tduid,doubleclick.net
tduid,tradedoubler.com
tduid,ginatricot.com
xai,yahoo.com
xai,myvisualiq.net
xai,krxd.net
xai,taxact.com
utm_content,yahoo.com
utm_content,doubleclick.net
utm_content,myvisualiq.net
utm_content,krxd.net
utm_content,taxact.com
sig,yahoo.com
sig,myvisualiq.net
sig,krxd.net
sig,taxact.com
xai,foxnews.com
sig,foxnews.com
sai,serving-sys.com
sai,blackrock.com
xai,serving-sys.com
xai,blackrock.com
sig,serving-sys.com
sig,blackrock.com
u2,serving-sys.com
u2,blackrock.com
sessionid,serving-sys.com
sessionid,blackrock.com
sid,onecount.net
oc-js-session,onecount.net
tpoid,tpocdm.com
tpoid,s4p.jp
tpoid,wowma.jp
p,tpocdm.com
p,s4p.jp
p,wowma.jp
9:103:185:116:1:216:1:filler:117:5:sc2r-aXItRC1WSUVXfDQyNTQwODUwNDU2OTI1MjQxNjEyNTg5MDUyOTI1MDQ5NDA2NzA3fDUyNzA0MDU0OXwzNjA1MDl8Mzc5ODc5Njk,tpocdm.com
9:103:185:116:1:216:1:filler:117:5:sc2r-aXItRC1WSUVXfDQyNTQwODUwNDU2OTI1MjQxNjEyNTg5MDUyOTI1MDQ5NDA2NzA3fDUyNzA0MDU0OXwzNjA1MDl8Mzc5ODc5Njk,wowma.jp
9:103:185:116:1:216:1:filler:117:5:sc2r-aXItRC1WSUVXfDQyNTQwODUwNDU2OTI1MjQxNjEyNTg5MDUyOTI1MDQ5NDA2NzA3fDUwMjU3Mzc4OXwzNjE4MDN8NTkxNTcxNTc,tpocdm.com
9:103:185:116:1:216:1:filler:117:5:sc2r-aXItRC1WSUVXfDQyNTQwODUwNDU2OTI1MjQxNjEyNTg5MDUyOTI1MDQ5NDA2NzA3fDUwMjU3Mzc4OXwzNjE4MDN8NTkxNTcxNTc,wowma.jp
9:103:185:116:1:216:1:filler:117:5:sc2r-aXItRC1WSUVXfDQyNTQwODUwNDU2OTI1MjQxNjEyNTg5MDUyOTI1MDQ5NDA2NzA3fDUwODk3NjQ0NHwzNjE3MTF8NDMxOTM1NTY,tpocdm.com
9:103:185:116:1:216:1:filler:117:5:sc2r-aXItRC1WSUVXfDQyNTQwODUwNDU2OTI1MjQxNjEyNTg5MDUyOTI1MDQ5NDA2NzA3fDUwODk3NjQ0NHwzNjE3MTF8NDMxOTM1NTY,wowma.jp
9:103:185:116:1:216:1:filler:117:5:sc2r-aXItRC1WSUVXfDcwMTEyMjIzMzExOTc0MTk0NDcyMDQ2MjkyMTk3MDUzNTg2NjQ4fDUyNzA0MDU0OXwzNjA1MDl8Mzc5ODc5Njk,tpocdm.com
9:103:185:116:1:216:1:filler:117:5:sc2r-aXItRC1WSUVXfDcwMTEyMjIzMzExOTc0MTk0NDcyMDQ2MjkyMTk3MDUzNTg2NjQ4fDUyNzA0MDU0OXwzNjA1MDl8Mzc5ODc5Njk,wowma.jp
9:103:185:116:1:216:1:filler:117:5:sc2r-aXItRC1WSUVXfDcwMTEyMjIzMzExOTc0MTk0NDcyMDQ2MjkyMTk3MDUzNTg2NjQ4fDUwODk3NjQ0NHwzNjE3MTF8NDMxOTM1NTY,tpocdm.com
9:103:185:116:1:216:1:filler:117:5:sc2r-aXItRC1WSUVXfDcwMTEyMjIzMzExOTc0MTk0NDcyMDQ2MjkyMTk3MDUzNTg2NjQ4fDUwODk3NjQ0NHwzNjE3MTF8NDMxOTM1NTY,wowma.jp
9:103:185:116:1:216:1:filler:117:5:sc2r-aXItRC1WSUVXfDcwMTEyMjIzMzExOTc0MTk0NDcyMDQ2MjkyMTk3MDUzNTg2NjQ4fDUwMjU3Mzc4OXwzNjE4MDN8NTkxNTcxNTc,tpocdm.com
9:103:185:116:1:216:1:filler:117:5:sc2r-aXItRC1WSUVXfDcwMTEyMjIzMzExOTc0MTk0NDcyMDQ2MjkyMTk3MDUzNTg2NjQ4fDUwMjU3Mzc4OXwzNjE4MDN8NTkxNTcxNTc,wowma.jp
_branch_match_id,affirm.com
_branch_match_id\,affirm.com
~tune_publisher_sub1,app.link
~tune_publisher_sub1,apple.com
cd12,app.link
cd12,apple.com
marketing_vistor_id,app.link
marketing_vistor_id,apple.com
marketing_id,app.link
marketing_id,apple.com
utm_campaign,jamanetwork.com
cn,doubleclick.net
cn,jamanetwork.com
vid,revjet.com
vid,homedepot.com
__ads,revjet.com
__ads,homedepot.com
fpc,clmbtech.com
fpc,shipped-qualtram.icu
fpc,lifestyletrends.biz
val_122,clmbtech.com
val_122,shipped-qualtram.icu
val_122,lifestyletrends.biz
_col_uuid,clmbtech.com
_col_uuid,shipped-qualtram.icu
_col_uuid,lifestyletrends.biz
fpc,cpekikllm.xyz
fpc,hhndsrxtsd.xyz
fpc,redirect-validated.page
val_122,cpekikllm.xyz
val_122,hhndsrxtsd.xyz
val_122,redirect-validated.page
_col_uuid,cpekikllm.xyz
_col_uuid,hhndsrxtsd.xyz
_col_uuid,redirect-validated.page
fpc,tips-with-tricks.com
val_122,tips-with-tricks.com
_col_uuid,tips-with-tricks.com
initialSessionID,gotowebinar.com
session-id,gotowebinar.com
ENCOMPASSSESSIONID_1857,imodules.com
ENCOMPASSSESSIONID_1857,umontreal.ca
sessionid,imodules.com
sessionid,umontreal.ca
guid,pinterest.com
utm_content,asm.org
userId,app.link
userId,apple.com
web_device_id,app.link
web_device_id,apple.com
device_id,app.link
device_id,apple.com
session_id,app.link
session_id,apple.com
web_session_id,app.link
web_session_id,apple.com
_branch_match_id,app.link
_branch_match_id,apple.com
link_click_id,app.link
link_click_id,apple.com
tid,pm-srv.co
tid,businessinfoline.com
8PO61L5OY~tbid,pm-srv.co
8PO61L5OY~tbid,businessinfoline.com
r,pm-srv.co
r,businessinfoline.com
-21~ls,pm-srv.co
-21~ls,businessinfoline.com
adlistid,pm-srv.co
adlistid,businessinfoline.com
userId,lanopoon.net
userId,gearbest.com
ds_s_kwgid,digidip.net
ds_s_kwgid,dgdp.net
ds_s_kwgid,next2.io
ds_s_kwgid,pageprotect.net
ds_s_kwgid,searchiqnet.com
ds_s_kwgid,dartsearch.net
ds_s_kwgid,doubleclick.net
ds_s_kwgid,pathroutes.com
ds_s_kwgid,samsung.com
lid,digidip.net
lid,dgdp.net
lid,next2.io
lid,pageprotect.net
lid,searchiqnet.com
lid,dartsearch.net
lid,doubleclick.net
lid,pathroutes.com
lid,samsung.com
distinct_id,helpscout.net
mxid,helpscout.net
_branch_match_id,carousell.com
_branch_match_id,carousell.sg
utm_campaign,usatoday.com
_kpa_utm_campaign,doubleclick.net
_kpa_utm_campaign,usatoday.com
docid,google.com
video_id,google.com
v,google.com
ci,uptimecdn.com
ci,zuagolh.xyz
ci,viehviw.xyz
afftrack,skimresources.com
afftrack,shareasale.com
afftrack,shareasale-analytics.com
afftrack,keysfan.com
sscid,skimresources.com
sscid,keysfan.com
shrsl_analytics_sstid,skimresources.com
shrsl_analytics_sstid,keysfan.com
shrsl_analytics_sscid,skimresources.com
shrsl_analytics_sscid,keysfan.com
muid,adskeeper.co.uk
muidn,adskeeper.co.uk
mgMuidn,adskeeper.co.uk
CLICK_ID,zog.link
CLICK_ID,chrantary-vocking.com
CLICK_ID,adultfriendfinder.com
dclid,doubleclick.net
dclid,myvisualiq.net
dclid,publix.com
gclid,doubleclick.net
gclid,myvisualiq.net
gclid,publix.com
2022-02-16T05:31:19.958Z__-__sessionId,lucidscale.com
id,lucidscale.com
sessionId,lucidscale.com
anonId,lucidscale.com
lt-anonymous-id,lucidscale.com
up.anonymous_id,lucidscale.com
cd3,lucidscale.com
None,lucidscale.com
id,lucidspark.com
sessionId,lucidspark.com
2022-02-16T05:31:20.074Z__-__sessionId,lucidspark.com
anonId,lucidspark.com
lt-anonymous-id,lucidspark.com
up.anonymous_id,lucidspark.com
cd3,lucidspark.com
None,lucidspark.com
2022-02-16T05:31:19.742Z__-__sessionId,lucidspark.com
r_rand,agkn.com
r_rand,demdex.net
r_rand,gmc.com
che,agkn.com
che,demdex.net
che,gmc.com
cpm-user-id,datingstudio.com
cpm-user-id,gosudate.com
cpm-user-id,amourtrack.com
cpm-user-id,amourtrackcookie.com
cpm-user-id,amourfactory.com
click_id,datingstudio.com
click_id,gosudate.com
click_id,amourtrack.com
click_id,amourtrackcookie.com
click_id,amourfactory.com
nvuuid,smi2.ru
nvuuid,iz.ru
bvuuid,smi2.ru
bvuuid,iz.ru
al,smi2.ru
al,iz.ru
rnd,smi2.ru
rnd,iz.ru
nvuuid,rg.ru
al,rg.ru
rnd,rg.ru
bvuuid,rg.ru
ck_id,zog.link
ck_id,deepswap.ai
dcid,4dsply.com
dcid,vax-boost.com
uid,addthis.com
uid,linkedin.com
uid,facebook.com
